{"cameraMode":{"drawMode":0,"name":"Shaded","section":"Shading Mode"},"sceneLighting":false,"audioPlay":false,"sceneViewState":{"showFog":true,"showMaterialUpdate":false,"showSkybox":false,"showFlares":true,"showImageEffects":true,"showParticleSystems":true},"in2DMode":false,"pivot":{"x":5.466411590576172,"y":4.829346179962158,"z":18.589191436767579},"rotation":{"x":-0.014498524367809296,"y":0.16361413896083833,"z":0.002372100716456771,"w":0.9864659905433655},"size":14.757072448730469,"orthographic":false}