{"cameraMode":{"drawMode":0,"name":"Shaded","section":"Shading Mode"},"sceneLighting":false,"audioPlay":false,"sceneViewState":{"showFog":true,"showMaterialUpdate":false,"showSkybox":false,"showFlares":true,"showImageEffects":true,"showParticleSystems":true},"in2DMode":false,"pivot":{"x":0.000015382109268102795,"y":0.000024859782570274547,"z":0.0000089234636106994},"rotation":{"x":-0.13260434567928315,"y":-0.05412602797150612,"z":-0.007279048208147287,"w":0.9897123575210571},"size":0.000017320508050033823,"orthographic":false}