{"cameraMode":{"drawMode":0,"name":"Shaded","section":"Shading Mode"},"sceneLighting":false,"audioPlay":false,"sceneViewState":{"showFog":true,"showMaterialUpdate":false,"showSkybox":false,"showFlares":true,"showImageEffects":true,"showParticleSystems":true},"in2DMode":false,"pivot":{"x":3.83143949508667,"y":1.3696634769439698,"z":1.6471447944641114},"rotation":{"x":-0.06770561635494232,"y":0.8199299573898315,"z":-0.09910627454519272,"w":-0.5598211288452148},"size":0.024744868278503419,"orthographic":false}