{"cameraMode":{"drawMode":0,"name":"Shaded","section":"Shading Mode"},"sceneLighting":false,"audioPlay":false,"sceneViewState":{"showFog":true,"showMaterialUpdate":false,"showSkybox":false,"showFlares":true,"showImageEffects":true,"showParticleSystems":true},"in2DMode":false,"pivot":{"x":-5.441091537475586,"y":4.141007423400879,"z":0.15152931213378907},"rotation":{"x":-0.16532328724861146,"y":-0.0361221507191658,"z":-0.006087456829845905,"w":0.9856093525886536},"size":10.087040901184082,"orthographic":false}