{"cameraMode":{"drawMode":0,"name":"Shaded","section":"Shading Mode"},"sceneLighting":false,"audioPlay":false,"sceneViewState":{"showFog":true,"showMaterialUpdate":false,"showSkybox":false,"showFlares":true,"showImageEffects":true,"showParticleSystems":true},"in2DMode":false,"pivot":{"x":-2.787868022918701,"y":0.6499999761581421,"z":0.32782429456710818},"rotation":{"x":-0.23637765645980836,"y":0.6823744773864746,"z":-0.2500995397567749,"w":-0.644935667514801},"size":0.8660253882408142,"orthographic":false}