{"cameraMode":{"drawMode":0,"name":"Shaded","section":"Shading Mode"},"sceneLighting":false,"audioPlay":false,"sceneViewState":{"showFog":true,"showMaterialUpdate":false,"showSkybox":false,"showFlares":true,"showImageEffects":true,"showParticleSystems":true},"in2DMode":false,"pivot":{"x":-13.55772590637207,"y":-2.8440463542938234,"z":6.124753952026367},"rotation":{"x":0.22087599337100984,"y":-0.3170590400695801,"z":0.076169952750206,"w":0.9192284941673279},"size":7.378536224365234,"orthographic":false}